n,min_hop_fixed,max_path_fixed,min_hop_demand,max_path_demand,inverse_capacity,shortest_widest
5,0.024000,0.109600,0.000000,0.000000,0.000000,0.000000
6,0.037500,0.147600,0.000000,0.000000,0.000100,0.000000
7,0.056900,0.194400,0.000300,0.000500,0.000000,0.000300
8,0.073300,0.223900,0.001000,0.001200,0.000500,0.000800
9,0.085500,0.262800,0.001400,0.002800,0.000500,0.002000
10,0.102400,0.299400,0.004200,0.006800,0.002900,0.002900
20,0.265800,0.493300,0.160500,0.194500,0.165500,0.168900
50,0.525500,0.709100,0.566800,0.571400,0.561200,0.559900
100,0.695500,0.812900,0.739300,0.739800,0.740500,0.737500
