n,min_hop_fixed,max_path_fixed,min_hop_demand,max_path_demand,inverse_capacity,shortest_widest
5,0.019700,0.104900,0.000000,0.000000,0.000000,0.000000
6,0.033900,0.144600,0.000000,0.000000,0.000000,0.000000
7,0.050800,0.193000,0.000100,0.000300,0.000200,0.000100
8,0.064900,0.228100,0.000500,0.001800,0.000400,0.000800
9,0.088200,0.268300,0.001900,0.001300,0.002200,0.002600
10,0.108500,0.298900,0.002100,0.005800,0.002300,0.004300
20,0.268100,0.493700,0.163200,0.191100,0.156700,0.169800
50,0.528000,0.706200,0.564600,0.566600,0.559000,0.557800
100,0.694700,0.815600,0.739900,0.737900,0.740000,0.739400
